date,home_team,away_team,home_score,away_score,tournament,city,country,neutral,record_type,result_verified,source,fetched_at,result_available_at
2026-01-03,Senegal,Sudan,3.0,1.0,African Cup of Nations,Tangier,Morocco,True,result,True,kaggle_international_results,2026-06-15T09:41:57.567591+00:00,2026-01-03
2026-01-03,Mali,Tunisia,1.0,1.0,African Cup of Nations,Casablanca,Morocco,True,result,True,kaggle_international_results,2026-06-15T09:41:57.567591+00:00,2026-01-03
2026-01-04,Morocco,Tanzania,1.0,0.0,African Cup of Nations,Rabat,Morocco,False,result,True,kaggle_international_results,2026-06-15T09:41:57.567591+00:00,2026-01-04
2026-01-04,South Africa,Cameroon,1.0,2.0,African Cup of Nations,Rabat,Morocco,True,result,True,kaggle_international_results,2026-06-15T09:41:57.567591+00:00,2026-01-04
2026-01-05,Egypt,Benin,3.0,1.0,African Cup of Nations,Agadir,Morocco,True,result,True,kaggle_international_results,2026-06-15T09:41:57.567591+00:00,2026-01-05
2026-01-05,Nigeria,Mozambique,4.0,0.0,African Cup of Nations,Fez,Morocco,True,result,True,kaggle_international_results,2026-06-15T09:41:57.567591+00:00,2026-01-05
2026-01-06,Algeria,DR Congo,1.0,0.0,African Cup of Nations,Rabat,Morocco,True,result,True,kaggle_international_results,2026-06-15T09:41:57.567591+00:00,2026-01-06
2026-01-06,Ivory Coast,Burkina Faso,3.0,0.0,African Cup of Nations,Marrakesh,Morocco,True,result,True,kaggle_international_results,2026-06-15T09:41:57.567591+00:00,2026-01-06
2026-01-09,Mali,Senegal,0.0,1.0,African Cup of Nations,Tangier,Morocco,True,result,True,kaggle_international_results,2026-06-15T09:41:57.567591+00:00,2026-01-09
2026-01-09,Morocco,Cameroon,2.0,0.0,African Cup of Nations,Rabat,Morocco,False,result,True,kaggle_international_results,2026-06-15T09:41:57.567591+00:00,2026-01-09
2026-01-10,Algeria,Nigeria,0.0,2.0,African Cup of Nations,Marrakesh,Morocco,True,result,True,kaggle_international_results,2026-06-15T09:41:57.567591+00:00,2026-01-10
2026-01-10,Egypt,Ivory Coast,3.0,2.0,African Cup of Nations,Agadir,Morocco,True,result,True,kaggle_international_results,2026-06-15T09:41:57.567591+00:00,2026-01-10
2026-01-14,Senegal,Egypt,1.0,0.0,African Cup of Nations,Tangier,Morocco,True,result,True,kaggle_international_results,2026-06-15T09:41:57.567591+00:00,2026-01-14
2026-01-14,Morocco,Nigeria,0.0,0.0,African Cup of Nations,Rabat,Morocco,False,result,True,kaggle_international_results,2026-06-15T09:41:57.567591+00:00,2026-01-14
2026-01-17,Egypt,Nigeria,0.0,0.0,African Cup of Nations,Casablanca,Morocco,True,result,True,kaggle_international_results,2026-06-15T09:41:57.567591+00:00,2026-01-17
2026-01-18,Morocco,Senegal,3.0,0.0,African Cup of Nations,Rabat,Morocco,False,result,True,kaggle_international_results,2026-06-15T09:41:57.567591+00:00,2026-01-18
2026-01-18,Bolivia,Panama,1.0,1.0,Friendly,Tarija,Bolivia,False,result,True,kaggle_international_results,2026-06-15T09:41:57.567591+00:00,2026-01-18
2026-01-18,Grenada,Jamaica,0.0,1.0,Friendly,St. George's,Grenada,False,result,True,kaggle_international_results,2026-06-15T09:41:57.567591+00:00,2026-01-18
2026-01-22,Panama,Mexico,0.0,1.0,Friendly,Panama City,Panama,False,result,True,kaggle_international_results,2026-06-15T09:41:57.567591+00:00,2026-01-22
2026-01-25,Bolivia,Mexico,0.0,1.0,Friendly,Santa Cruz,Bolivia,False,result,True,kaggle_international_results,2026-06-15T09:41:57.567591+00:00,2026-01-25
2026-01-26,Uzbekistan,China,2.0,2.0,Friendly,Dubai,United Arab Emirates,True,result,True,kaggle_international_results,2026-06-15T09:41:57.567591+00:00,2026-01-26
2026-02-25,Mexico,Iceland,4.0,0.0,Friendly,Querétaro,Mexico,False,result,True,kaggle_international_results,2026-06-15T09:41:57.567591+00:00,2026-02-25
2026-03-15,Bolivia,Trinidad and Tobago,3.0,0.0,Friendly,Santa Cruz,Bolivia,False,result,True,kaggle_international_results,2026-06-15T09:41:57.567591+00:00,2026-03-15
2026-03-25,Bermuda,DR Congo,0.0,2.0,Friendly,Zapopan,Mexico,True,result,True,kaggle_international_results,2026-06-15T09:41:57.567591+00:00,2026-03-25
2026-03-25,Equatorial Guinea,Kyrgyzstan,1.0,0.0,Friendly,Antalya,Turkey,True,result,True,kaggle_international_results,2026-06-15T09:41:57.567591+00:00,2026-03-25
2026-03-25,Kazakhstan,Namibia,2.0,0.0,FIFA Series,Astana,Kazakhstan,False,result,True,kaggle_international_results,2026-06-15T09:41:57.567591+00:00,2026-03-25
2026-03-25,United States Virgin Islands,American Samoa,5.0,2.0,FIFA Series,Bayamón,Puerto Rico,True,result,True,kaggle_international_results,2026-06-15T09:41:57.567591+00:00,2026-03-25
2026-03-25,Puerto Rico,Guam,4.0,0.0,FIFA Series,Bayamón,Puerto Rico,False,result,True,kaggle_international_results,2026-06-15T09:41:57.567591+00:00,2026-03-25
2026-03-26,Brazil,France,1.0,2.0,Friendly,Foxborough,United States,True,result,True,kaggle_international_results,2026-06-15T09:41:57.567591+00:00,2026-03-26
2026-03-26,Colombia,Croatia,1.0,2.0,Friendly,Orlando,United States,True,result,True,kaggle_international_results,2026-06-15T09:41:57.567591+00:00,2026-03-26
2026-03-26,Cyprus,Belarus,0.0,1.0,Friendly,Nicosia,Cyprus,False,result,True,kaggle_international_results,2026-06-15T09:41:57.567591+00:00,2026-03-26
2026-03-26,Georgia,Israel,2.0,2.0,Friendly,Tbilisi,Georgia,False,result,True,kaggle_international_results,2026-06-15T09:41:57.567591+00:00,2026-03-26
2026-03-26,Moldova,Lithuania,0.0,2.0,Friendly,Chișinău,Moldova,False,result,True,kaggle_international_results,2026-06-15T09:41:57.567591+00:00,2026-03-26
2026-03-26,Vietnam,Bangladesh,3.0,0.0,Friendly,Hanoi,Vietnam,False,result,True,kaggle_international_results,2026-06-15T09:41:57.567591+00:00,2026-03-26
2026-03-26,New Caledonia,Jamaica,0.0,1.0,FIFA World Cup qualification,Zapopan,Mexico,True,result,True,kaggle_international_results,2026-06-15T09:41:57.567591+00:00,2026-03-26
2026-03-26,Bolivia,Suriname,2.0,1.0,FIFA World Cup qualification,Guadalupe,Mexico,True,result,True,kaggle_international_results,2026-06-15T09:41:57.567591+00:00,2026-03-26
2026-03-26,Italy,Northern Ireland,2.0,0.0,FIFA World Cup qualification,Bergamo,Italy,False,result,True,kaggle_international_results,2026-06-15T09:41:57.567591+00:00,2026-03-26
2026-03-26,Wales,Bosnia and Herzegovina,1.0,1.0,FIFA World Cup qualification,Cardiff,Wales,False,result,True,kaggle_international_results,2026-06-15T09:41:57.567591+00:00,2026-03-26
2026-03-26,Poland,Albania,2.0,1.0,FIFA World Cup qualification,Warsaw,Poland,False,result,True,kaggle_international_results,2026-06-15T09:41:57.567591+00:00,2026-03-26
2026-03-26,Ukraine,Sweden,1.0,3.0,FIFA World Cup qualification,Valencia,Spain,True,result,True,kaggle_international_results,2026-06-15T09:41:57.567591+00:00,2026-03-26
2026-03-26,Slovakia,Kosovo,3.0,4.0,FIFA World Cup qualification,Bratislava,Slovakia,False,result,True,kaggle_international_results,2026-06-15T09:41:57.567591+00:00,2026-03-26
2026-03-26,Turkey,Romania,1.0,0.0,FIFA World Cup qualification,Istanbul,Turkey,False,result,True,kaggle_international_results,2026-06-15T09:41:57.567591+00:00,2026-03-26
2026-03-26,Czech Republic,Republic of Ireland,2.0,2.0,FIFA World Cup qualification,Prague,Czech Republic,False,result,True,kaggle_international_results,2026-06-15T09:41:57.567591+00:00,2026-03-26
2026-03-26,Denmark,North Macedonia,4.0,0.0,FIFA World Cup qualification,Copenhagen,Denmark,False,result,True,kaggle_international_results,2026-06-15T09:41:57.567591+00:00,2026-03-26
2026-03-26,Aruba,Macau,4.0,1.0,FIFA Series,Kigali,Rwanda,True,result,True,kaggle_international_results,2026-06-15T09:41:57.567591+00:00,2026-03-26
2026-03-26,Tanzania,Liechtenstein,0.0,1.0,FIFA Series,Kigali,Rwanda,True,result,True,kaggle_international_results,2026-06-15T09:41:57.567591+00:00,2026-03-26
2026-03-26,Martinique,Cuba,2.0,2.0,CONCACAF Series,Santiago de los Caballeros,Dominican Republic,True,result,True,kaggle_international_results,2026-06-15T09:41:57.567591+00:00,2026-03-26
2026-03-26,Dominican Republic,El Salvador,2.0,2.0,CONCACAF Series,Santiago de los Caballeros,Dominican Republic,False,result,True,kaggle_international_results,2026-06-15T09:41:57.567591+00:00,2026-03-26
2026-03-26,Saint Martin,Barbados,3.0,1.0,CONCACAF Series,Rincon,Bonaire,True,result,True,kaggle_international_results,2026-06-15T09:41:57.567591+00:00,2026-03-26
2026-03-26,Bonaire,Saint Vincent and the Grenadines,3.0,1.0,CONCACAF Series,Rincon,Bonaire,False,result,True,kaggle_international_results,2026-06-15T09:41:57.567591+00:00,2026-03-26
2026-03-26,Bahamas,Anguilla,1.0,3.0,CONCACAF Series,George Town,Cayman Islands,True,result,True,kaggle_international_results,2026-06-15T09:41:57.567591+00:00,2026-03-26
2026-03-26,Cayman Islands,British Virgin Islands,1.0,1.0,CONCACAF Series,George Town,Cayman Islands,False,result,True,kaggle_international_results,2026-06-15T09:41:57.567591+00:00,2026-03-26
2026-03-27,Algeria,Guatemala,7.0,0.0,Friendly,Genoa,Italy,True,result,True,kaggle_international_results,2026-06-15T09:41:57.567591+00:00,2026-03-27
2026-03-27,Argentina,Mauritania,2.0,1.0,Friendly,Buenos Aires,Argentina,False,result,True,kaggle_international_results,2026-06-15T09:41:57.567591+00:00,2026-03-27
2026-03-27,Austria,Ghana,5.0,1.0,Friendly,Vienna,Austria,False,result,True,kaggle_international_results,2026-06-15T09:41:57.567591+00:00,2026-03-27
2026-03-27,England,Uruguay,1.0,1.0,Friendly,London,England,False,result,True,kaggle_international_results,2026-06-15T09:41:57.567591+00:00,2026-03-27
2026-03-27,Greece,Paraguay,0.0,1.0,Friendly,Athens,Greece,False,result,True,kaggle_international_results,2026-06-15T09:41:57.567591+00:00,2026-03-27
2026-03-27,Guinea,Togo,2.0,2.0,"Morocco, Capital of African Football",Rabat,Morocco,True,result,True,kaggle_international_results,2026-06-15T09:41:57.567591+00:00,2026-03-27
2026-03-27,Liberia,Benin,0.0,1.0,"Morocco, Capital of African Football",Casablanca,Morocco,True,result,True,kaggle_international_results,2026-06-15T09:41:57.567591+00:00,2026-03-27
2026-03-27,Libya,Niger,0.0,0.0,"Morocco, Capital of African Football",Casablanca,Morocco,True,result,True,kaggle_international_results,2026-06-15T09:41:57.567591+00:00,2026-03-27
2026-03-27,Montenegro,Andorra,2.0,0.0,Friendly,Podgorica,Montenegro,False,result,True,kaggle_international_results,2026-06-15T09:41:57.567591+00:00,2026-03-27
2026-03-27,Morocco,Ecuador,1.0,1.0,Friendly,Madrid,Spain,True,result,True,kaggle_international_results,2026-06-15T09:41:57.567591+00:00,2026-03-27
2026-03-27,Netherlands,Norway,2.0,1.0,Friendly,Amsterdam,Netherlands,False,result,True,kaggle_international_results,2026-06-15T09:41:57.567591+00:00,2026-03-27
2026-03-27,Saudi Arabia,Egypt,0.0,4.0,Friendly,Jeddah,Saudi Arabia,False,result,True,kaggle_international_results,2026-06-15T09:41:57.567591+00:00,2026-03-27
2026-03-27,South Africa,Panama,1.0,1.0,Friendly,Durban,South Africa,False,result,True,kaggle_international_results,2026-06-15T09:41:57.567591+00:00,2026-03-27
2026-03-27,Spain,Serbia,3.0,0.0,Friendly,Villarreal,Spain,False,result,True,kaggle_international_results,2026-06-15T09:41:57.567591+00:00,2026-03-27
2026-03-27,Russia,Nicaragua,3.0,1.0,Friendly,Krasnodar,Russia,False,result,True,kaggle_international_results,2026-06-15T09:41:57.567591+00:00,2026-03-27
2026-03-27,Switzerland,Germany,3.0,4.0,Friendly,Basel,Switzerland,False,result,True,kaggle_international_results,2026-06-15T09:41:57.567591+00:00,2026-03-27
2026-03-27,Costa Rica,Jordan,2.0,2.0,Friendly,Antalya,Turkey,True,result,True,kaggle_international_results,2026-06-15T09:41:57.567591+00:00,2026-03-27
2026-03-27,Iran,Nigeria,1.0,2.0,Friendly,Antalya,Turkey,True,result,True,kaggle_international_results,2026-06-15T09:41:57.567591+00:00,2026-03-27
2026-03-27,China,Curaçao,2.0,0.0,FIFA Series,Sydney,Australia,True,result,True,kaggle_international_results,2026-06-15T09:41:57.567591+00:00,2026-03-27
2026-03-27,Australia,Cameroon,1.0,0.0,FIFA Series,Sydney,Australia,False,result,True,kaggle_international_results,2026-06-15T09:41:57.567591+00:00,2026-03-27
2026-03-27,Azerbaijan,Saint Lucia,6.0,1.0,FIFA Series,Sumgait,Azerbaijan,False,result,True,kaggle_international_results,2026-06-15T09:41:57.567591+00:00,2026-03-27
2026-03-27,Solomon Islands,Bulgaria,2.0,10.0,FIFA Series,Jakarta,Indonesia,True,result,True,kaggle_international_results,2026-06-15T09:41:57.567591+00:00,2026-03-27
2026-03-27,Indonesia,Saint Kitts and Nevis,4.0,0.0,FIFA Series,Jakarta,Indonesia,False,result,True,kaggle_international_results,2026-06-15T09:41:57.567591+00:00,2026-03-27
2026-03-27,Chile,Cape Verde,4.0,2.0,FIFA Series,Auckland,New Zealand,True,result,True,kaggle_international_results,2026-06-15T09:41:57.567591+00:00,2026-03-27
2026-03-27,New Zealand,Finland,0.0,2.0,FIFA Series,Auckland,New Zealand,False,result,True,kaggle_international_results,2026-06-15T09:41:57.567591+00:00,2026-03-27
2026-03-27,Kenya,Estonia,1.0,1.0,FIFA Series,Kigali,Rwanda,True,result,True,kaggle_international_results,2026-06-15T09:41:57.567591+00:00,2026-03-27
2026-03-27,Rwanda,Grenada,4.0,0.0,FIFA Series,Kigali,Rwanda,False,result,True,kaggle_international_results,2026-06-15T09:41:57.567591+00:00,2026-03-27
2026-03-27,Venezuela,Trinidad and Tobago,4.0,1.0,FIFA Series,Tashkent,Uzbekistan,True,result,True,kaggle_international_results,2026-06-15T09:41:57.567591+00:00,2026-03-27
2026-03-27,Uzbekistan,Gabon,3.0,1.0,FIFA Series,Tashkent,Uzbekistan,False,result,True,kaggle_international_results,2026-06-15T09:41:57.567591+00:00,2026-03-27
2026-03-27,Guyana,Dominica,2.0,0.0,CONCACAF Series,Santiago de los Caballeros,Dominican Republic,True,result,True,kaggle_international_results,2026-06-15T09:41:57.567591+00:00,2026-03-27
2026-03-27,Belize,Sint Maarten,2.0,3.0,CONCACAF Series,Santiago de los Caballeros,Dominican Republic,True,result,True,kaggle_international_results,2026-06-15T09:41:57.567591+00:00,2026-03-27
2026-03-28,Burkina Faso,Guinea-Bissau,5.0,0.0,Friendly,Ouagadougou,Burkina Faso,False,result,True,kaggle_international_results,2026-06-15T09:41:57.567591+00:00,2026-03-28
2026-03-28,Canada,Iceland,2.0,2.0,Friendly,Toronto,Canada,False,result,True,kaggle_international_results,2026-06-15T09:41:57.567591+00:00,2026-03-28
2026-03-28,Haiti,Tunisia,0.0,1.0,Friendly,Toronto,Canada,True,result,True,kaggle_international_results,2026-06-15T09:41:57.567591+00:00,2026-03-28
2026-03-28,Hungary,Slovenia,1.0,0.0,Friendly,Budapest,Hungary,False,result,True,kaggle_international_results,2026-06-15T09:41:57.567591+00:00,2026-03-28
2026-03-28,Ivory Coast,South Korea,4.0,0.0,Friendly,Milton Keynes,England,True,result,True,kaggle_international_results,2026-06-15T09:41:57.567591+00:00,2026-03-28
2026-03-28,Mexico,Portugal,0.0,0.0,Friendly,Mexico City,Mexico,False,result,True,kaggle_international_results,2026-06-15T09:41:57.567591+00:00,2026-03-28
2026-03-28,San Marino,Faroe Islands,1.0,2.0,Friendly,Serravalle,San Marino,False,result,True,kaggle_international_results,2026-06-15T09:41:57.567591+00:00,2026-03-28
2026-03-28,Scotland,Japan,0.0,1.0,Friendly,Glasgow,Scotland,False,result,True,kaggle_international_results,2026-06-15T09:41:57.567591+00:00,2026-03-28
2026-03-28,Senegal,Peru,2.0,0.0,Friendly,Paris,France,True,result,True,kaggle_international_results,2026-06-15T09:41:57.567591+00:00,2026-03-28
2026-03-28,United States,Belgium,2.0,5.0,Friendly,Atlanta,United States,False,result,True,kaggle_international_results,2026-06-15T09:41:57.567591+00:00,2026-03-28
2026-03-28,Kyrgyzstan,Madagascar,2.0,5.0,Friendly,Antalya,Turkey,True,result,True,kaggle_international_results,2026-06-15T09:41:57.567591+00:00,2026-03-28
2026-03-28,Botswana,Zimbabwe,0.0,3.0,Mukuru 4 Nations,Francistown,Botswana,False,result,True,kaggle_international_results,2026-06-15T09:41:57.567591+00:00,2026-03-28
2026-03-28,Namibia,Comoros,0.0,0.0,FIFA Series,Astana,Kazakhstan,True,result,True,kaggle_international_results,2026-06-15T09:41:57.567591+00:00,2026-03-28
2026-03-28,American Samoa,Guam,0.0,6.0,FIFA Series,Bayamón,Puerto Rico,True,result,True,kaggle_international_results,2026-06-15T09:41:57.567591+00:00,2026-03-28
2026-03-28,Puerto Rico,United States Virgin Islands,2.0,0.0,FIFA Series,Bayamón,Puerto Rico,False,result,True,kaggle_international_results,2026-06-15T09:41:57.567591+00:00,2026-03-28
2026-03-29,Armenia,Belarus,1.0,2.0,Friendly,Yerevan,Armenia,False,result,True,kaggle_international_results,2026-06-15T09:41:57.567591+00:00,2026-03-29
2026-03-29,Colombia,France,1.0,3.0,Friendly,Landover,United States,True,result,True,kaggle_international_results,2026-06-15T09:41:57.567591+00:00,2026-03-29
2026-03-29,Lithuania,Georgia,0.0,2.0,Friendly,Kaunas,Lithuania,False,result,True,kaggle_international_results,2026-06-15T09:41:57.567591+00:00,2026-03-29
2026-03-29,Macau,Tanzania,0.0,6.0,FIFA Series,Kigali,Rwanda,True,result,True,kaggle_international_results,2026-06-15T09:41:57.567591+00:00,2026-03-29
2026-03-29,Aruba,Liechtenstein,4.0,1.0,FIFA Series,Kigali,Rwanda,True,result,True,kaggle_international_results,2026-06-15T09:41:57.567591+00:00,2026-03-29
2026-03-29,Martinique,El Salvador,0.0,1.0,CONCACAF Series,Santiago de los Caballeros,Dominican Republic,True,result,True,kaggle_international_results,2026-06-15T09:41:57.567591+00:00,2026-03-29
2026-03-29,Dominican Republic,Cuba,1.0,1.0,CONCACAF Series,Santiago de los Caballeros,Dominican Republic,False,result,True,kaggle_international_results,2026-06-15T09:41:57.567591+00:00,2026-03-29
2026-03-29,Barbados,Saint Vincent and the Grenadines,2.0,3.0,CONCACAF Series,Rincon,Bonaire,True,result,True,kaggle_international_results,2026-06-15T09:41:57.567591+00:00,2026-03-29
2026-03-29,Bonaire,Saint Martin,0.0,3.0,CONCACAF Series,Rincon,Bonaire,False,result,True,kaggle_international_results,2026-06-15T09:41:57.567591+00:00,2026-03-29
2026-03-29,British Virgin Islands,Anguilla,4.0,0.0,CONCACAF Series,George Town,Cayman Islands,True,result,True,kaggle_international_results,2026-06-15T09:41:57.567591+00:00,2026-03-29
2026-03-29,Cayman Islands,Bahamas,1.0,0.0,CONCACAF Series,George Town,Cayman Islands,False,result,True,kaggle_international_results,2026-06-15T09:41:57.567591+00:00,2026-03-29
2026-03-30,Cyprus,Moldova,3.0,2.0,Friendly,Nicosia,Cyprus,False,result,True,kaggle_international_results,2026-06-15T09:41:57.567591+00:00,2026-03-30
2026-03-30,Germany,Ghana,2.0,1.0,Friendly,Stuttgart,Germany,False,result,True,kaggle_international_results,2026-06-15T09:41:57.567591+00:00,2026-03-30
2026-03-30,Azerbaijan,Sierra Leone,1.0,1.0,FIFA Series,Sumgait,Azerbaijan,False,result,True,kaggle_international_results,2026-06-15T09:41:57.567591+00:00,2026-03-30
2026-03-30,Saint Kitts and Nevis,Solomon Islands,4.0,2.0,FIFA Series,Jakarta,Indonesia,True,result,True,kaggle_international_results,2026-06-15T09:41:57.567591+00:00,2026-03-30
2026-03-30,Indonesia,Bulgaria,0.0,1.0,FIFA Series,Jakarta,Indonesia,False,result,True,kaggle_international_results,2026-06-15T09:41:57.567591+00:00,2026-03-30
2026-03-30,Cape Verde,Finland,1.0,1.0,FIFA Series,Auckland,New Zealand,True,result,True,kaggle_international_results,2026-06-15T09:41:57.567591+00:00,2026-03-30
2026-03-30,New Zealand,Chile,4.0,1.0,FIFA Series,Auckland,New Zealand,False,result,True,kaggle_international_results,2026-06-15T09:41:57.567591+00:00,2026-03-30
2026-03-30,Grenada,Kenya,0.0,3.0,FIFA Series,Kigali,Rwanda,True,result,True,kaggle_international_results,2026-06-15T09:41:57.567591+00:00,2026-03-30
2026-03-30,Rwanda,Estonia,2.0,0.0,FIFA Series,Kigali,Rwanda,False,result,True,kaggle_international_results,2026-06-15T09:41:57.567591+00:00,2026-03-30
2026-03-30,Gabon,Trinidad and Tobago,2.0,2.0,FIFA Series,Tashkent,Uzbekistan,True,result,True,kaggle_international_results,2026-06-15T09:41:57.567591+00:00,2026-03-30
2026-03-30,Uzbekistan,Venezuela,0.0,0.0,FIFA Series,Tashkent,Uzbekistan,False,result,True,kaggle_international_results,2026-06-15T09:41:57.567591+00:00,2026-03-30
2026-03-30,Guyana,Belize,3.0,1.0,CONCACAF Series,Santiago de los Caballeros,Dominican Republic,True,result,True,kaggle_international_results,2026-06-15T09:41:57.567591+00:00,2026-03-30
2026-03-30,Dominica,Sint Maarten,0.0,0.0,CONCACAF Series,Santiago de los Caballeros,Dominican Republic,True,result,True,kaggle_international_results,2026-06-15T09:41:57.567591+00:00,2026-03-30
2026-03-31,Algeria,Uruguay,0.0,0.0,Friendly,Turin,Italy,True,result,True,kaggle_international_results,2026-06-15T09:41:57.567591+00:00,2026-03-31
2026-03-31,Argentina,Zambia,5.0,0.0,Friendly,Buenos Aires,Argentina,False,result,True,kaggle_international_results,2026-06-15T09:41:57.567591+00:00,2026-03-31
2026-03-31,Austria,South Korea,1.0,0.0,Friendly,Vienna,Austria,False,result,True,kaggle_international_results,2026-06-15T09:41:57.567591+00:00,2026-03-31
2026-03-31,Benin,Guinea,1.0,0.0,"Morocco, Capital of African Football",Casablanca,Morocco,True,result,True,kaggle_international_results,2026-06-15T09:41:57.567591+00:00,2026-03-31
2026-03-31,Brazil,Croatia,3.0,1.0,Friendly,Orlando,United States,True,result,True,kaggle_international_results,2026-06-15T09:41:57.567591+00:00,2026-03-31
2026-03-31,Burkina Faso,Guinea-Bissau,1.0,1.0,Friendly,Ouagadougou,Burkina Faso,False,result,True,kaggle_international_results,2026-06-15T09:41:57.567591+00:00,2026-03-31
2026-03-31,Canada,Tunisia,0.0,0.0,Friendly,Toronto,Canada,False,result,True,kaggle_international_results,2026-06-15T09:41:57.567591+00:00,2026-03-31
2026-03-31,Costa Rica,Iran,0.0,5.0,Friendly,Antalya,Turkey,True,result,True,kaggle_international_results,2026-06-15T09:41:57.567591+00:00,2026-03-31
2026-03-31,England,Japan,0.0,1.0,Friendly,London,England,False,result,True,kaggle_international_results,2026-06-15T09:41:57.567591+00:00,2026-03-31
2026-03-31,Equatorial Guinea,Madagascar,1.0,1.0,Friendly,Manavgat,Turkey,True,result,True,kaggle_international_results,2026-06-15T09:41:57.567591+00:00,2026-03-31
2026-03-31,Haiti,Iceland,1.0,1.0,Friendly,Toronto,Canada,True,result,True,kaggle_international_results,2026-06-15T09:41:57.567591+00:00,2026-03-31
2026-03-31,Hungary,Greece,0.0,0.0,Friendly,Budapest,Hungary,False,result,True,kaggle_international_results,2026-06-15T09:41:57.567591+00:00,2026-03-31
2026-03-31,Ivory Coast,Scotland,1.0,0.0,Friendly,Liverpool,England,True,result,True,kaggle_international_results,2026-06-15T09:41:57.567591+00:00,2026-03-31
2026-03-31,Jordan,Nigeria,2.0,2.0,Friendly,Antalya,Turkey,True,result,True,kaggle_international_results,2026-06-15T09:41:57.567591+00:00,2026-03-31
2026-03-31,Liberia,Libya,2.0,2.0,"Morocco, Capital of African Football",Casablanca,Morocco,True,result,True,kaggle_international_results,2026-06-15T09:41:57.567591+00:00,2026-03-31
2026-03-31,Botswana,Malawi,1.0,0.0,Mukuru 4 Nations,Francistown,Botswana,False,result,True,kaggle_international_results,2026-06-15T09:41:57.567591+00:00,2026-03-31
2026-03-31,Mexico,Belgium,1.0,1.0,Friendly,Chicago,United States,True,result,True,kaggle_international_results,2026-06-15T09:41:57.567591+00:00,2026-03-31
2026-03-31,Montenegro,Slovenia,2.0,3.0,Friendly,Podgorica,Montenegro,False,result,True,kaggle_international_results,2026-06-15T09:41:57.567591+00:00,2026-03-31
2026-03-31,Morocco,Paraguay,2.0,1.0,Friendly,Lens,France,True,result,True,kaggle_international_results,2026-06-15T09:41:57.567591+00:00,2026-03-31
2026-03-31,Netherlands,Ecuador,1.0,1.0,Friendly,Eindhoven,Netherlands,False,result,True,kaggle_international_results,2026-06-15T09:41:57.567591+00:00,2026-03-31
2026-03-31,Niger,Togo,0.0,1.0,"Morocco, Capital of African Football",Casablanca,Morocco,True,result,True,kaggle_international_results,2026-06-15T09:41:57.567591+00:00,2026-03-31
2026-03-31,Norway,Switzerland,0.0,0.0,Friendly,Oslo,Norway,False,result,True,kaggle_international_results,2026-06-15T09:41:57.567591+00:00,2026-03-31
2026-03-31,Peru,Honduras,2.0,2.0,Friendly,Madrid,Spain,True,result,True,kaggle_international_results,2026-06-15T09:41:57.567591+00:00,2026-03-31
2026-03-31,Russia,Mali,0.0,0.0,Friendly,Saint Petersburg,Russia,False,result,True,kaggle_international_results,2026-06-15T09:41:57.567591+00:00,2026-03-31
2026-03-31,Republic of Ireland,North Macedonia,0.0,0.0,Friendly,Dublin,Republic of Ireland,False,result,True,kaggle_international_results,2026-06-15T09:41:57.567591+00:00,2026-03-31
2026-03-31,San Marino,Andorra,0.0,0.0,Friendly,Serravalle,San Marino,False,result,True,kaggle_international_results,2026-06-15T09:41:57.567591+00:00,2026-03-31
2026-03-31,Senegal,Gambia,3.0,1.0,Friendly,Diamniadio,Senegal,False,result,True,kaggle_international_results,2026-06-15T09:41:57.567591+00:00,2026-03-31
2026-03-31,Serbia,Saudi Arabia,2.0,1.0,Friendly,Bačka Topola,Serbia,False,result,True,kaggle_international_results,2026-06-15T09:41:57.567591+00:00,2026-03-31
2026-03-31,Slovakia,Romania,2.0,0.0,Friendly,Bratislava,Slovakia,False,result,True,kaggle_international_results,2026-06-15T09:41:57.567591+00:00,2026-03-31
2026-03-31,South Africa,Panama,1.0,2.0,Friendly,Cape Town,South Africa,False,result,True,kaggle_international_results,2026-06-15T09:41:57.567591+00:00,2026-03-31
2026-03-31,Spain,Egypt,0.0,0.0,Friendly,Barcelona,Spain,False,result,True,kaggle_international_results,2026-06-15T09:41:57.567591+00:00,2026-03-31
2026-03-31,Ukraine,Albania,1.0,0.0,Friendly,Valencia,Spain,True,result,True,kaggle_international_results,2026-06-15T09:41:57.567591+00:00,2026-03-31
2026-03-31,United States,Portugal,0.0,2.0,Friendly,Atlanta,United States,False,result,True,kaggle_international_results,2026-06-15T09:41:57.567591+00:00,2026-03-31
2026-03-31,Wales,Northern Ireland,1.0,1.0,Friendly,Cardiff,Wales,False,result,True,kaggle_international_results,2026-06-15T09:41:57.567591+00:00,2026-03-31
2026-03-31,DR Congo,Jamaica,1.0,0.0,FIFA World Cup qualification,Zapopan,Mexico,True,result,True,kaggle_international_results,2026-06-15T09:41:57.567591+00:00,2026-03-31
2026-03-31,Iraq,Bolivia,2.0,1.0,FIFA World Cup qualification,Guadalupe,Mexico,True,result,True,kaggle_international_results,2026-06-15T09:41:57.567591+00:00,2026-03-31
2026-03-31,Bosnia and Herzegovina,Italy,1.0,1.0,FIFA World Cup qualification,Zenica,Bosnia and Herzegovina,False,result,True,kaggle_international_results,2026-06-15T09:41:57.567591+00:00,2026-03-31
2026-03-31,Sweden,Poland,3.0,2.0,FIFA World Cup qualification,Solna,Sweden,False,result,True,kaggle_international_results,2026-06-15T09:41:57.567591+00:00,2026-03-31
2026-03-31,Kosovo,Turkey,0.0,1.0,FIFA World Cup qualification,Pristina,Kosovo,False,result,True,kaggle_international_results,2026-06-15T09:41:57.567591+00:00,2026-03-31
2026-03-31,Czech Republic,Denmark,2.0,2.0,FIFA World Cup qualification,Prague,Czech Republic,False,result,True,kaggle_international_results,2026-06-15T09:41:57.567591+00:00,2026-03-31
2026-03-31,Cameroon,China,2.0,0.0,FIFA Series,Melbourne,Australia,True,result,True,kaggle_international_results,2026-06-15T09:41:57.567591+00:00,2026-03-31
2026-03-31,Australia,Curaçao,5.0,1.0,FIFA Series,Melbourne,Australia,False,result,True,kaggle_international_results,2026-06-15T09:41:57.567591+00:00,2026-03-31
2026-03-31,Kazakhstan,Comoros,1.0,0.0,FIFA Series,Astana,Kazakhstan,False,result,True,kaggle_international_results,2026-06-15T09:41:57.567591+00:00,2026-03-31
2026-05-16,Republic of Ireland,Grenada,5.0,0.0,Friendly,Murcia,Spain,True,result,True,kaggle_international_results,2026-06-15T09:41:57.567591+00:00,2026-05-16
2026-05-22,Mexico,Ghana,2.0,0.0,Friendly,Puebla,Mexico,False,result,True,kaggle_international_results,2026-06-15T09:41:57.567591+00:00,2026-05-22
2026-05-26,Morocco,Burundi,5.0,0.0,Friendly,Salé,Morocco,False,result,True,kaggle_international_results,2026-06-15T09:41:57.567591+00:00,2026-05-26
2026-05-26,Nigeria,Zimbabwe,2.0,0.0,Unity Cup,London,England,True,result,True,kaggle_international_results,2026-06-15T09:41:57.567591+00:00,2026-05-26
2026-05-27,India,Jamaica,0.0,2.0,Unity Cup,London,England,True,result,True,kaggle_international_results,2026-06-15T09:41:57.567591+00:00,2026-05-27
2026-05-28,Republic of Ireland,Qatar,1.0,0.0,Friendly,Dublin,Republic of Ireland,False,result,True,kaggle_international_results,2026-06-15T09:41:57.567591+00:00,2026-05-28
2026-05-28,Egypt,Russia,1.0,0.0,Friendly,Cairo,Egypt,False,result,True,kaggle_international_results,2026-06-15T09:41:57.567591+00:00,2026-05-28
2026-05-29,Andorra,Iraq,0.0,1.0,Friendly,Girona,Spain,True,result,True,kaggle_international_results,2026-06-15T09:41:57.567591+00:00,2026-05-29
2026-05-29,Bosnia and Herzegovina,North Macedonia,0.0,0.0,Friendly,Sarajevo,Bosnia and Herzegovina,False,result,True,kaggle_international_results,2026-06-15T09:41:57.567591+00:00,2026-05-29
2026-05-29,Iran,Gambia,3.0,1.0,Friendly,Aksu,Turkey,True,result,True,kaggle_international_results,2026-06-15T09:41:57.567591+00:00,2026-05-29
2026-05-29,South Africa,Nicaragua,0.0,0.0,Friendly,Johannesburg,South Africa,False,result,True,kaggle_international_results,2026-06-15T09:41:57.567591+00:00,2026-05-29
2026-05-30,Ecuador,Saudi Arabia,2.0,1.0,Friendly,Harrison,United States,True,result,True,kaggle_international_results,2026-06-15T09:41:57.567591+00:00,2026-05-30
2026-05-30,South Korea,Trinidad and Tobago,5.0,0.0,Friendly,Provo,United States,True,result,True,kaggle_international_results,2026-06-15T09:41:57.567591+00:00,2026-05-30
2026-05-30,Mexico,Australia,1.0,0.0,Friendly,Pasadena,United States,True,result,True,kaggle_international_results,2026-06-15T09:41:57.567591+00:00,2026-05-30
2026-05-30,Scotland,Curaçao,4.0,1.0,Friendly,Glasgow,Scotland,False,result,True,kaggle_international_results,2026-06-15T09:41:57.567591+00:00,2026-05-30
2026-05-30,Zimbabwe,India,1.0,0.0,Unity Cup,London,England,True,result,True,kaggle_international_results,2026-06-15T09:41:57.567591+00:00,2026-05-30
2026-05-30,Nigeria,Jamaica,3.0,0.0,Unity Cup,London,England,True,result,True,kaggle_international_results,2026-06-15T09:41:57.567591+00:00,2026-05-30
2026-05-31,Brazil,Panama,6.0,2.0,Friendly,Rio de Janeiro,Brazil,False,result,True,kaggle_international_results,2026-06-15T09:41:57.567591+00:00,2026-05-31
2026-05-31,Cape Verde,Serbia,3.0,0.0,Friendly,Lisbon,Portugal,True,result,True,kaggle_international_results,2026-06-15T09:41:57.567591+00:00,2026-05-31
2026-05-31,Czech Republic,Kosovo,2.0,1.0,Friendly,Prague,Czech Republic,False,result,True,kaggle_international_results,2026-06-15T09:41:57.567591+00:00,2026-05-31
2026-05-31,Germany,Finland,4.0,0.0,Friendly,Mainz,Germany,False,result,True,kaggle_international_results,2026-06-15T09:41:57.567591+00:00,2026-05-31
2026-05-31,Poland,Ukraine,0.0,2.0,Friendly,Wrocław,Poland,False,result,True,kaggle_international_results,2026-06-15T09:41:57.567591+00:00,2026-05-31
2026-05-31,Singapore,Mongolia,4.0,0.0,Friendly,Singapore,Singapore,False,result,True,kaggle_international_results,2026-06-15T09:41:57.567591+00:00,2026-05-31
2026-05-31,Switzerland,Jordan,4.0,1.0,Friendly,St. Gallen,Switzerland,False,result,True,kaggle_international_results,2026-06-15T09:41:57.567591+00:00,2026-05-31
2026-05-31,United States,Senegal,3.0,2.0,Friendly,Charlotte,United States,False,result,True,kaggle_international_results,2026-06-15T09:41:57.567591+00:00,2026-05-31
2026-05-31,Japan,Iceland,1.0,0.0,Friendly,Tokyo,Japan,False,result,True,kaggle_international_results,2026-06-15T09:41:57.567591+00:00,2026-05-31
2026-06-01,Austria,Tunisia,1.0,0.0,Friendly,Vienna,Austria,False,result,True,kaggle_international_results,2026-06-15T09:41:57.567591+00:00,2026-06-01
2026-06-01,Bulgaria,Montenegro,0.0,1.0,Friendly,Plovdiv,Bulgaria,False,result,True,kaggle_international_results,2026-06-15T09:41:57.567591+00:00,2026-06-01
2026-06-01,Canada,Uzbekistan,2.0,0.0,Friendly,Edmonton,Canada,False,result,True,kaggle_international_results,2026-06-15T09:41:57.567591+00:00,2026-06-01
2026-06-01,Colombia,Costa Rica,3.0,1.0,Friendly,Bogotá,Colombia,False,result,True,kaggle_international_results,2026-06-15T09:41:57.567591+00:00,2026-06-01
2026-06-01,Norway,Sweden,3.0,1.0,Friendly,Oslo,Norway,False,result,True,kaggle_international_results,2026-06-15T09:41:57.567591+00:00,2026-06-01
2026-06-01,Slovakia,Malta,2.0,1.0,Friendly,Dunajská Streda,Slovakia,False,result,True,kaggle_international_results,2026-06-15T09:41:57.567591+00:00,2026-06-01
2026-06-01,Turkey,North Macedonia,4.0,0.0,Friendly,Istanbul,Turkey,False,result,True,kaggle_international_results,2026-06-15T09:41:57.567591+00:00,2026-06-01
2026-06-01,Maldives,Afghanistan,0.0,1.0,Diamond Jubilee International Football Tournament,Malé,Maldives,False,result,True,kaggle_international_results,2026-06-15T09:41:57.567591+00:00,2026-06-01
2026-06-02,Croatia,Belgium,0.0,2.0,Friendly,Rijeka,Croatia,False,result,True,kaggle_international_results,2026-06-15T09:41:57.567591+00:00,2026-06-02
2026-06-02,Georgia,Romania,1.0,1.0,Friendly,Tbilisi,Georgia,False,result,True,kaggle_international_results,2026-06-15T09:41:57.567591+00:00,2026-06-02
2026-06-02,Haiti,New Zealand,4.0,0.0,Friendly,Fort Lauderdale,United States,True,result,True,kaggle_international_results,2026-06-15T09:41:57.567591+00:00,2026-06-02
2026-06-02,Morocco,Madagascar,4.0,0.0,Friendly,Rabat,Morocco,False,result,True,kaggle_international_results,2026-06-15T09:41:57.567591+00:00,2026-06-02
2026-06-02,Wales,Ghana,1.0,1.0,Friendly,Cardiff,Wales,False,result,True,kaggle_international_results,2026-06-15T09:41:57.567591+00:00,2026-06-02
2026-06-03,Albania,Israel,0.0,1.0,Friendly,Tirana,Albania,False,result,True,kaggle_international_results,2026-06-15T09:41:57.567591+00:00,2026-06-03
2026-06-03,DR Congo,Denmark,0.0,0.0,Friendly,Liège,Belgium,True,result,True,kaggle_international_results,2026-06-15T09:41:57.567591+00:00,2026-06-03
2026-06-03,Gibraltar,British Virgin Islands,4.0,0.0,Friendly,Europa Point,Gibraltar,False,result,True,kaggle_international_results,2026-06-15T09:41:57.567591+00:00,2026-06-03
2026-06-03,South Korea,El Salvador,1.0,0.0,Friendly,Provo,United States,True,result,True,kaggle_international_results,2026-06-15T09:41:57.567591+00:00,2026-06-03
2026-06-03,Luxembourg,Italy,0.0,1.0,Friendly,Luxembourg,Luxembourg,False,result,True,kaggle_international_results,2026-06-15T09:41:57.567591+00:00,2026-06-03
2026-06-03,Netherlands,Algeria,0.0,1.0,Friendly,Rotterdam,Netherlands,False,result,True,kaggle_international_results,2026-06-15T09:41:57.567591+00:00,2026-06-03
2026-06-03,Panama,Dominican Republic,4.0,2.0,Friendly,Panama City,Panama,False,result,True,kaggle_international_results,2026-06-15T09:41:57.567591+00:00,2026-06-03
2026-06-03,Poland,Nigeria,2.0,2.0,Friendly,Warsaw,Poland,False,result,True,kaggle_international_results,2026-06-15T09:41:57.567591+00:00,2026-06-03
2026-06-03,Philippines,Guam,5.0,1.0,Friendly,Manila,Philippines,False,result,True,kaggle_international_results,2026-06-15T09:41:57.567591+00:00,2026-06-03
2026-06-01,Maldives,Pakistan,0.0,3.0,Diamond Jubilee International Football Tournament,Malé,Maldives,False,result,True,kaggle_international_results,2026-06-15T09:41:57.567591+00:00,2026-06-01
2026-06-04,Andorra,Liechtenstein,2.0,0.0,Friendly,Encamp,Andorra,False,result,True,kaggle_international_results,2026-06-15T09:41:57.567591+00:00,2026-06-04
2026-06-04,Cambodia,Bhutan,4.0,0.0,Friendly,Phnom Penh,Cambodia,False,result,True,kaggle_international_results,2026-06-15T09:41:57.567591+00:00,2026-06-04
2026-06-04,France,Ivory Coast,1.0,2.0,Friendly,Nantes,France,False,result,True,kaggle_international_results,2026-06-15T09:41:57.567591+00:00,2026-06-04
2026-06-04,Guatemala,Czech Republic,1.0,5.0,Friendly,Harrison,United States,True,result,True,kaggle_international_results,2026-06-15T09:41:57.567591+00:00,2026-06-04
2026-06-04,Iran,Mali,2.0,0.0,Friendly,Antalya,Turkey,True,result,True,kaggle_international_results,2026-06-15T09:41:57.567591+00:00,2026-06-04
2026-06-04,Lesotho,Kenya,1.0,1.0,Friendly,Pretoria,South Africa,True,result,True,kaggle_international_results,2026-06-15T09:41:57.567591+00:00,2026-06-04
2026-06-04,Mexico,Serbia,5.0,1.0,Friendly,Toluca,Mexico,False,result,True,kaggle_international_results,2026-06-15T09:41:57.567591+00:00,2026-06-04
2026-06-04,Northern Ireland,Guinea,1.0,0.0,Friendly,La Línea de la Concepción,Spain,True,result,True,kaggle_international_results,2026-06-15T09:41:57.567591+00:00,2026-06-04
2026-06-04,Slovenia,Cyprus,1.0,1.0,Friendly,Ljubljana,Slovenia,False,result,True,kaggle_international_results,2026-06-15T09:41:57.567591+00:00,2026-06-04
2026-06-04,Spain,Iraq,1.0,1.0,Friendly,A Coruña,Spain,False,result,True,kaggle_international_results,2026-06-15T09:41:57.567591+00:00,2026-06-04
2026-06-04,Sweden,Greece,2.0,2.0,Friendly,Solna,Sweden,False,result,True,kaggle_international_results,2026-06-15T09:41:57.567591+00:00,2026-06-04
2026-06-05,Angola,Mauritania,1.0,1.0,Friendly,Casablanca,Morocco,True,result,True,kaggle_international_results,2026-06-15T09:41:57.567591+00:00,2026-06-05
2026-06-05,Azerbaijan,Malta,0.0,2.0,Friendly,Szombathely,Hungary,True,result,True,kaggle_international_results,2026-06-15T09:41:57.567591+00:00,2026-06-05
2026-06-05,Belarus,Syria,4.0,1.0,Friendly,Minsk,Belarus,False,result,True,kaggle_international_results,2026-06-15T09:41:57.567591+00:00,2026-06-05
2026-06-05,Canada,Republic of Ireland,1.0,1.0,Friendly,Montreal,Canada,False,result,True,kaggle_international_results,2026-06-15T09:41:57.567591+00:00,2026-06-05
2026-06-05,Georgia,Bahrain,2.0,0.0,Friendly,Tbilisi,Georgia,False,result,True,kaggle_international_results,2026-06-15T09:41:57.567591+00:00,2026-06-05
2026-06-05,Haiti,Peru,1.0,2.0,Friendly,Miami,United States,True,result,True,kaggle_international_results,2026-06-15T09:41:57.567591+00:00,2026-06-05
2026-06-05,Hong Kong,Mongolia,2.0,0.0,Friendly,Hong Kong,Hong Kong,False,result,True,kaggle_international_results,2026-06-15T09:41:57.567591+00:00,2026-06-05
2026-06-05,Hungary,Finland,2.0,1.0,Friendly,Budapest,Hungary,False,result,True,kaggle_international_results,2026-06-15T09:41:57.567591+00:00,2026-06-05
2026-06-05,Indonesia,Oman,3.0,0.0,Friendly,Jakarta,Indonesia,False,result,True,kaggle_international_results,2026-06-15T09:41:57.567591+00:00,2026-06-05
2026-06-05,Moldova,Bulgaria,2.0,2.0,Friendly,Chișinău,Moldova,False,result,True,kaggle_international_results,2026-06-15T09:41:57.567591+00:00,2026-06-05
2026-06-05,Paraguay,Nicaragua,4.0,0.0,Friendly,Asunción,Paraguay,False,result,True,kaggle_international_results,2026-06-15T09:41:57.567591+00:00,2026-06-05
2026-06-05,San Marino,Bangladesh,1.0,2.0,Friendly,Serravalle,San Marino,False,result,True,kaggle_international_results,2026-06-15T09:41:57.567591+00:00,2026-06-05
2026-06-05,Singapore,China,1.0,2.0,Friendly,Singapore,Singapore,False,result,True,kaggle_international_results,2026-06-15T09:41:57.567591+00:00,2026-06-05
2026-06-05,Slovakia,Montenegro,2.0,2.0,Friendly,Košice,Slovakia,False,result,True,kaggle_international_results,2026-06-15T09:41:57.567591+00:00,2026-06-05
2026-06-05,Tajikistan,India,3.0,1.0,Friendly,Tursunzoda,Tajikistan,False,result,True,kaggle_international_results,2026-06-15T09:41:57.567591+00:00,2026-06-05
2026-06-05,Thailand,Kuwait,2.0,2.0,Friendly,Pathum Thani,Thailand,False,result,True,kaggle_international_results,2026-06-15T09:41:57.567591+00:00,2026-06-05
2026-06-05,Russia,Burkina Faso,3.0,0.0,Friendly,Volgograd,Russia,False,result,True,kaggle_international_results,2026-06-15T09:41:57.567591+00:00,2026-06-05
2026-06-05,Benin,Niger,1.0,1.0,Friendly,Casablanca,Morocco,True,result,True,kaggle_international_results,2026-06-15T09:41:57.567591+00:00,2026-06-05
2026-06-05,Central African Republic,Togo,1.0,1.0,Friendly,Mohammedia,Morocco,True,result,True,kaggle_international_results,2026-06-15T09:41:57.567591+00:00,2026-06-05
2026-06-05,Puerto Rico,Saudi Arabia,0.0,3.0,Friendly,Austin,United States,True,result,True,kaggle_international_results,2026-06-15T09:41:57.567591+00:00,2026-06-05
2026-06-06,Vanuatu,Fiji,2.0,1.0,Friendly,Port Vila,Vanuatu,False,result,True,kaggle_international_results,2026-06-15T09:41:57.567591+00:00,2026-06-06
2026-06-06,Albania,Luxembourg,0.0,1.0,Friendly,Tirana,Albania,False,result,True,kaggle_international_results,2026-06-15T09:41:57.567591+00:00,2026-06-06
2026-06-06,Argentina,Honduras,2.0,0.0,Friendly,College Station,United States,True,result,True,kaggle_international_results,2026-06-15T09:41:57.567591+00:00,2026-06-06
2026-06-06,Armenia,Kazakhstan,1.0,1.0,Friendly,Yerevan,Armenia,False,result,True,kaggle_international_results,2026-06-15T09:41:57.567591+00:00,2026-06-06
2026-06-06,Australia,Switzerland,1.0,1.0,Friendly,San Diego,United States,True,result,True,kaggle_international_results,2026-06-15T09:41:57.567591+00:00,2026-06-06
2026-06-06,Belgium,Tunisia,5.0,0.0,Friendly,Brussels,Belgium,False,result,True,kaggle_international_results,2026-06-15T09:41:57.567591+00:00,2026-06-06
2026-06-06,Bermuda,Cape Verde,3.0,0.0,Friendly,East Hartford,United States,True,result,True,kaggle_international_results,2026-06-15T09:41:57.567591+00:00,2026-06-06
2026-06-06,Bolivia,Scotland,0.0,4.0,Friendly,Harrison,United States,True,result,True,kaggle_international_results,2026-06-15T09:41:57.567591+00:00,2026-06-06
2026-06-06,Brazil,Egypt,2.0,1.0,Friendly,Cleveland,United States,True,result,True,kaggle_international_results,2026-06-15T09:41:57.567591+00:00,2026-06-06
2026-06-06,Curaçao,Aruba,4.0,0.0,Friendly,Willemstad,Curaçao,False,result,True,kaggle_international_results,2026-06-15T09:41:57.567591+00:00,2026-06-06
2026-06-06,England,New Zealand,1.0,0.0,Friendly,Tampa,United States,True,result,True,kaggle_international_results,2026-06-15T09:41:57.567591+00:00,2026-06-06
2026-06-06,Sierra Leone,Liberia,1.0,0.0,Friendly,Bo,Sierra Leone,False,result,True,kaggle_international_results,2026-06-15T09:41:57.567591+00:00,2026-06-06
2026-06-06,Ethiopia,Malawi,1.0,0.0,Friendly,Dire Dawa,Ethiopia,False,result,True,kaggle_international_results,2026-06-15T09:41:57.567591+00:00,2026-06-06
2026-06-06,Gibraltar,Cayman Islands,4.0,1.0,Friendly,Gibraltar,Gibraltar,False,result,True,kaggle_international_results,2026-06-15T09:41:57.567591+00:00,2026-06-06
2026-06-06,Jamaica,South Africa,0.0,1.0,Friendly,Pachuca,Mexico,True,result,True,kaggle_international_results,2026-06-15T09:41:57.567591+00:00,2026-06-06
2026-06-06,Kyrgyzstan,Palestine,0.0,0.0,Friendly,Bishkek,Kyrgyzstan,False,result,True,kaggle_international_results,2026-06-15T09:41:57.567591+00:00,2026-06-06
2026-06-06,Panama,Bosnia and Herzegovina,1.0,1.0,Friendly,St. Louis,United States,True,result,True,kaggle_international_results,2026-06-15T09:41:57.567591+00:00,2026-06-06
2026-06-06,Portugal,Chile,2.0,1.0,Friendly,Oeiras,Portugal,False,result,True,kaggle_international_results,2026-06-15T09:41:57.567591+00:00,2026-06-06
2026-06-06,Qatar,El Salvador,0.0,0.0,Friendly,Los Angeles,United States,True,result,True,kaggle_international_results,2026-06-15T09:41:57.567591+00:00,2026-06-06
2026-06-06,Romania,Wales,2.0,1.0,Friendly,Bucharest,Romania,False,result,True,kaggle_international_results,2026-06-15T09:41:57.567591+00:00,2026-06-06
2026-06-06,United States,Germany,1.0,2.0,Friendly,Chicago,United States,False,result,True,kaggle_international_results,2026-06-15T09:41:57.567591+00:00,2026-06-06
2026-06-06,British Virgin Islands,Bonaire,2.0,0.0,Friendly,Málaga,Spain,True,result,True,kaggle_international_results,2026-06-15T09:41:57.567591+00:00,2026-06-06
2026-06-06,Gibraltar,Cayman Islands,4.0,1.0,Friendly,Europa Point,Gibraltar,False,result,True,kaggle_international_results,2026-06-15T09:41:57.567591+00:00,2026-06-06
2026-06-06,Venezuela,Turkey,1.0,2.0,Friendly,Fort Lauderdale,United States,True,result,True,kaggle_international_results,2026-06-15T09:41:57.567591+00:00,2026-06-06
2026-06-06,Myanmar,Guam,6.0,1.0,Tri-Nations Cup,Manila,Philippines,True,result,True,kaggle_international_results,2026-06-15T09:41:57.567591+00:00,2026-06-06
2026-06-06,Lithuania,Latvia,1.0,1.0,Baltic Cup,Kaunas,Lithuania,False,result,True,kaggle_international_results,2026-06-15T09:41:57.567591+00:00,2026-06-06
2026-06-06,Estonia,Faroe Islands,1.0,0.0,Baltic Cup,Pärnu,Estonia,False,result,True,kaggle_international_results,2026-06-15T09:41:57.567591+00:00,2026-06-06
2026-06-07,Afghanistan,Pakistan,0.0,2.0,Diamond Jubilee International Football Tournament,Malé,Maldives,True,result,True,kaggle_international_results,2026-06-15T09:41:57.567591+00:00,2026-06-07
2026-06-07,Croatia,Slovenia,2.0,1.0,Friendly,Varaždin,Croatia,False,result,True,kaggle_international_results,2026-06-15T09:41:57.567591+00:00,2026-06-07
2026-06-07,Ecuador,Guatemala,3.0,0.0,Friendly,Columbus,United States,True,result,True,kaggle_international_results,2026-06-15T09:41:57.567591+00:00,2026-06-07
2026-06-07,Greece,Italy,0.0,1.0,Friendly,Heraklion,Greece,False,result,True,kaggle_international_results,2026-06-15T09:41:57.567591+00:00,2026-06-07
2026-06-07,Jordan,Colombia,0.0,2.0,Friendly,San Diego,United States,True,result,True,kaggle_international_results,2026-06-15T09:41:57.567591+00:00,2026-06-07
2026-06-07,Kosovo,Andorra,3.0,0.0,Friendly,Pristina,Kosovo,False,result,True,kaggle_international_results,2026-06-15T09:41:57.567591+00:00,2026-06-07
2026-06-07,Liechtenstein,Cyprus,0.0,2.0,Friendly,Vaduz,Liechtenstein,False,result,True,kaggle_international_results,2026-06-15T09:41:57.567591+00:00,2026-06-07
2026-06-07,Morocco,Norway,1.0,1.0,Friendly,Harrison,United States,True,result,True,kaggle_international_results,2026-06-15T09:41:57.567591+00:00,2026-06-07
2026-06-07,Denmark,Ukraine,2.0,1.0,Friendly,Odense,Denmark,False,result,True,kaggle_international_results,2026-06-15T09:41:57.567591+00:00,2026-06-07
2026-06-08,France,Northern Ireland,3.0,1.0,Friendly,Lille,France,False,result,True,kaggle_international_results,2026-06-15T09:41:57.567591+00:00,2026-06-08
2026-06-08,Netherlands,Uzbekistan,2.0,1.0,Friendly,New York,United States,True,result,True,kaggle_international_results,2026-06-15T09:41:57.567591+00:00,2026-06-08
2026-06-08,Peru,Spain,1.0,3.0,Friendly,Puebla,Mexico,True,result,True,kaggle_international_results,2026-06-15T09:41:57.567591+00:00,2026-06-08
2026-06-08,Mauritania,Niger,1.0,0.0,Friendly,Casablanca,Morocco,True,result,True,kaggle_international_results,2026-06-15T09:41:57.567591+00:00,2026-06-08
2026-06-09,Angola,Central African Republic,3.0,0.0,Friendly,Casablanca,Morocco,True,result,True,kaggle_international_results,2026-06-15T09:41:57.567591+00:00,2026-06-09
2026-06-09,Argentina,Iceland,3.0,0.0,Friendly,Auburn,United States,True,result,True,kaggle_international_results,2026-06-15T09:41:57.567591+00:00,2026-06-09
2026-06-09,Armenia,Moldova,1.0,1.0,Friendly,Yerevan,Armenia,False,result,True,kaggle_international_results,2026-06-15T09:41:57.567591+00:00,2026-06-09
2026-06-09,Azerbaijan,San Marino,2.0,1.0,Friendly,Szombathely,Hungary,True,result,True,kaggle_international_results,2026-06-15T09:41:57.567591+00:00,2026-06-09
2026-06-09,Belarus,Burkina Faso,2.0,2.0,Friendly,Minsk,Belarus,False,result,True,kaggle_international_results,2026-06-15T09:41:57.567591+00:00,2026-06-09
2026-06-09,Cambodia,Hong Kong,2.0,0.0,Friendly,Phnom Penh,Cambodia,False,result,True,kaggle_international_results,2026-06-15T09:41:57.567591+00:00,2026-06-09
2026-06-09,China,Thailand,0.0,0.0,Friendly,Hangzhou,China,False,result,True,kaggle_international_results,2026-06-15T09:41:57.567591+00:00,2026-06-09
2026-06-09,DR Congo,Chile,1.0,2.0,Friendly,Orléans,France,True,result,True,kaggle_international_results,2026-06-15T09:41:57.567591+00:00,2026-06-09
2026-06-09,Equatorial Guinea,Comoros,0.0,1.0,Friendly,Marrakesh,Morocco,True,result,True,kaggle_international_results,2026-06-15T09:41:57.567591+00:00,2026-06-09
2026-06-09,Ethiopia,Malawi,1.0,1.0,Friendly,Dire Dawa,Ethiopia,False,result,True,kaggle_international_results,2026-06-15T09:41:57.567591+00:00,2026-06-09
2026-06-09,Hungary,Kazakhstan,3.0,1.0,Friendly,Debrecen,Hungary,False,result,True,kaggle_international_results,2026-06-15T09:41:57.567591+00:00,2026-06-09
2026-06-09,Indonesia,Mozambique,1.0,0.0,Friendly,Jakarta,Indonesia,False,result,True,kaggle_international_results,2026-06-15T09:41:57.567591+00:00,2026-06-09
2026-06-09,Kyrgyzstan,Palestine,0.0,0.0,Friendly,Bishkek,Kyrgyzstan,False,result,True,kaggle_international_results,2026-06-15T09:41:57.567591+00:00,2026-06-09
2026-06-09,Saudi Arabia,Senegal,0.0,0.0,Friendly,San Antonio,United States,True,result,True,kaggle_international_results,2026-06-15T09:41:57.567591+00:00,2026-06-09
2026-06-09,Tajikistan,India,1.0,1.0,Friendly,Hisor,Tajikistan,False,result,True,kaggle_international_results,2026-06-15T09:41:57.567591+00:00,2026-06-09
2026-06-09,Philippines,Myanmar,5.0,1.0,Tri-Nations Cup,Manila,Philippines,False,result,True,kaggle_international_results,2026-06-15T09:41:57.567591+00:00,2026-06-09
2026-06-09,Latvia,Faroe Islands,0.0,1.0,Baltic Cup,Riga,Latvia,False,result,True,kaggle_international_results,2026-06-15T09:41:57.567591+00:00,2026-06-09
2026-06-09,Estonia,Lithuania,1.0,0.0,Baltic Cup,Tallinn,Estonia,False,result,True,kaggle_international_results,2026-06-15T09:41:57.567591+00:00,2026-06-09
2026-06-09,Russia,Trinidad and Tobago,3.0,0.0,Friendly,Kaliningrad,Russia,False,result,True,kaggle_international_results,2026-06-15T09:41:57.567591+00:00,2026-06-09
2026-06-09,Togo,Benin,5.0,1.0,Friendly,Lomé,Togo,False,result,True,kaggle_international_results,2026-06-15T09:41:57.567591+00:00,2026-06-09
2026-06-09,Liberia,Sierra Leone,3.0,1.0,Friendly,Monrovia,Liberia,False,result,True,kaggle_international_results,2026-06-15T09:41:57.567591+00:00,2026-06-09
2026-06-09,Iraq,Venezuela,0.0,2.0,Friendly,Bridgeview,United States,True,result,True,kaggle_international_results,2026-06-15T09:41:57.567591+00:00,2026-06-09
2026-06-10,Bolivia,Algeria,0.0,4.0,Friendly,Kansas City,United States,True,result,True,kaggle_international_results,2026-06-15T09:41:57.567591+00:00,2026-06-10
2026-06-10,England,Costa Rica,3.0,0.0,Friendly,Orlando,United States,True,result,True,kaggle_international_results,2026-06-15T09:41:57.567591+00:00,2026-06-10
2026-06-10,Portugal,Nigeria,2.0,1.0,Friendly,Leiria,Portugal,False,result,True,kaggle_international_results,2026-06-15T09:41:57.567591+00:00,2026-06-10
2026-06-10,Afghanistan,Pakistan,0.0,2.0,Diamond Jubilee International Football Tournament,Malé,Maldives,True,result,True,kaggle_international_results,2026-06-15T09:41:57.567591+00:00,2026-06-10
2026-06-11,Mexico,South Africa,2.0,0.0,FIFA World Cup,Mexico City,Mexico,False,result,True,kaggle_international_results,2026-06-15T09:41:57.567591+00:00,2026-06-11
2026-06-11,South Korea,Czech Republic,2.0,1.0,FIFA World Cup,Zapopan,Mexico,True,result,True,kaggle_international_results,2026-06-15T09:41:57.567591+00:00,2026-06-11
2026-06-12,Canada,Bosnia and Herzegovina,1.0,1.0,FIFA World Cup,Toronto,Canada,False,result,True,kaggle_international_results,2026-06-15T09:41:57.567591+00:00,2026-06-12
2026-06-12,United States,Paraguay,4.0,1.0,FIFA World Cup,Inglewood,United States,False,result,True,kaggle_international_results,2026-06-15T09:41:57.567591+00:00,2026-06-12
2026-06-13,Qatar,Switzerland,1.0,1.0,FIFA World Cup,Santa Clara,United States,True,result,True,kaggle_international_results,2026-06-15T09:41:57.567591+00:00,2026-06-13
2026-06-13,Brazil,Morocco,1.0,1.0,FIFA World Cup,East Rutherford,United States,True,result,True,kaggle_international_results,2026-06-15T09:41:57.567591+00:00,2026-06-13
2026-06-13,Haiti,Scotland,0.0,1.0,FIFA World Cup,Foxborough,United States,True,result,True,kaggle_international_results,2026-06-15T09:41:57.567591+00:00,2026-06-13
2026-06-13,Australia,Turkey,2.0,0.0,FIFA World Cup,Vancouver,Canada,True,result,True,kaggle_international_results,2026-06-15T09:41:57.567591+00:00,2026-06-13
